{"cameraMode":{"drawMode":0,"name":"Shaded","section":"Shading Mode"},"sceneLighting":false,"audioPlay":false,"sceneViewState":{"showFog":false,"showMaterialUpdate":false,"showSkybox":false,"showFlares":false,"showImageEffects":false,"showParticleSystems":false},"in2DMode":false,"pivot":{"x":3.926909923553467,"y":-0.298032283782959,"z":-12.321043968200684},"rotation":{"x":0.14488163590431214,"y":0.5050230026245117,"z":-0.08641854673624039,"w":0.8465206027030945},"size":1.6923643350601197,"orthographic":false}